{
	"class_name" : "PinholeCameraParameters",
	"extrinsic" : 
	[
		0.62408618249019432,
		-0.24638035026881819,
		0.74149387039019454,
		0.0,
		-0.78012479107082244,
		-0.24972203628379552,
		0.57362375731046966,
		0.0,
		0.043837736957123064,
		-0.93644841160401859,
		-0.34805549158544946,
		0.0,
		-15.280432643718939,
		7.3217954036339634,
		103.27513424387121,
		1.0
	],
	"intrinsic" : 
	{
		"height" : 480,
		"intrinsic_matrix" : 
		[
			2743.2125526627233,
			0.0,
			0.0,
			0.0,
			2743.2125526627233,
			0.0,
			479.5,
			239.5,
			1.0
		],
		"width" : 960
	},
	"version_major" : 1,
	"version_minor" : 0
}